三亚亲子游，吃喝玩乐攻略在此啦！,三亚,/travels/sanya61/3962014.html
柳州不只有螺蛳粉——5天都玩不够的聚宝盆,柳州,/travels/liuzhou143/3962269.html
笑妍日记之武夷山——端午4日，与家人共度山居时光,武夷山,/travels/wuyishan22/3962287.html
三国水浒城｜寻迹英雄武侠梦,无锡,/travels/wuxi10/3961197.html
跟着摄影师24小时玩转建业·华谊兄弟电影小镇,中牟,/travels/zhongmou1446088/3974428.html
隐奢而小众，一场风花雪月的大理之旅,大理白族自治州,/travels/dali31/3943436.html
水城兴化，如诗如画,兴化,/travels/xinghua1946/3942768.html
上帝的眼泪，锡兰微笑，这是我不能忘记的斯里兰卡（13天行程，超详细攻略）,斯里兰卡,/travels/srilanka100084/3892505.html
安吉2021夏季新玩法：云上草原高山悬崖乐园，安吉仙龙峡溯溪漂流,安吉,/travels/anji686/3892975.html
路遇金陵·留恋秦淮夜色,南京,/travels/nanjing9/3972819.html
【江苏.盐城】东晋水城，穿越千年的相遇,盐城,/travels/yancheng493/3972461.html
三亚｜椰林摇曳，海风涌起 做个梦给你,三亚,/travels/sanya61/3972456.html
捷克环游记 邂逅波西米亚童话王国,捷克,/travels/theczechrepublic100094/3934013.html
海岛游选对度假村就成功了80%，送你一份苏梅岛可复制的行程攻略,泰国,/travels/thailand100021/3934497.html
一次探奇、一场欢宴、一汪涌泉，邂逅并非烟花三月的非凡扬州,扬州,/travels/yangzhou12/3907735.html
邂逅了一个世外桃源，人们称它为开化，体会市井生活，感受人间烟火,开化,/travels/kaihua1001/3922332.html
重庆在逃公主在上海迪士尼度假区3日深度游 附上海吃住行购集合,上海,/travels/shanghai2/3984336.html
江浙沪小众清凉2日游：南宋首都，杭州临安--河桥镇江畔，凉源漂峡谷，国宝藏边城,临安区,/travels/linan88/3963061.html
这是一份佛山美食与景点游玩攻略，拿好不谢！,佛山,/travels/foshan207/3963216.html
高明亲子游好去处！游玩攻略送给你！,佛山,/travels/foshan207/3963109.html
在龙门希尔顿，享受一场亲子温泉度假之旅,惠州,/travels/huizhou213/3963146.html
南昆山居，私享广州后花园的静谧温泉时光,惠州,/travels/huizhou213/3963147.html
寻味贺州| 你有一份贺州美食游玩攻略等待查收！,贺州,/travels/hezhou707/3963053.html
这是一份东莞观澜湖溜娃泡酒店的实用攻略！,东莞,/travels/dongguan212/3962997.html
成都行摄地图ㄧ用8年深吸一口街头的烟火气,成都,/travels/chengdu104/3905788.html
这辈子值得你一定要去的呼伦贝尔大草原,呼伦贝尔,/travels/hulunbeier458/3959636.html
在澳大利亚吹着夏天的海风，抱考拉喂袋鼠，尽情拥抱大自然～,阿德莱德,/travels/adelaide626/3960144.html
放肆嗨玩，上海欢乐谷、玛雅水公园全体验，Happy一夏天 | 上海佘山验客,松江区,/travels/songjiang1445218/3959857.html
手绘埃及 | 沙与海中的奇迹，我的流浪者之歌,埃及,/travels/egypt100030/3960543.html
逃离火炉城市，走进25度呼伦贝尔大草原，凉爽宜人,呼和浩特,/travels/huhehaote156/3960423.html
三亚「遗忘的角落」· 探秘美人岛，追寻天空之眼（吃住行全攻略）,三亚,/travels/sanya61/3905520.html
【西安】繁华未央，迷失在千年古都的夜色中,西安,/travels/xian7/3932636.html
今年预算有限也能玩转三亚，十大私藏免费网红景点?吃住买全攻略,三亚,/travels/sanya61/3948276.html
初夏的少女梦，伴着温煦的海风，可盐可甜|厦门五日亲子游,厦门,/travels/xiamen21/3959575.html
让我们在成都的街头走一走，不带走也不停留/终极版游玩秘籍,成都,/travels/chengdu104/3930929.html
【坐着商合杭高铁去旅行】我到这人间走一走，漫游这湖州72小时,湖州,/travels/huzhou68/3958912.html
尝美食三绝，游亚洲第一瀑布 I 重庆周边好去处,重庆,/travels/chongqing158/3971764.html
浪在常德的三天两夜，湖光山色与汉唐文化皆在眼前,常德,/travels/changde417/3971900.html
趁秋未凉，来台州临海，探寻千年古城的新与旧,临海,/travels/linhai544/3970737.html
深圳周边小众游：打卡广佛深情侣必去的景点,深圳,/travels/shenzhen26/3972362.html
西游记|走过山和大海，请让我缱绻在西藏的宝藏村庄,西藏,/travels/tibet100003/3971625.html
余夏金秋去三亚，漂洋过海来度假：6天5晚“玩在当地，吃在当季”的三亚纪忆,三亚,/travels/sanya61/3968694.html
感受椰风海韵的海南岛，寻找东线最美观海点，亲子游记,三亚,/travels/sanya61/3970548.html
奔赴四川的未知旅行，享受慵懒惬意的慢生活,四川,/travels/sichuan100009/3970956.html
看完这篇攻略，轻松自驾西北大环线,敦煌,/travels/dunhuang8/3970550.html
成都深度游｜旅行博主去了三次成都总结这篇游记带你游遍成都（满满干货奉上）,成都,/travels/chengdu104/3970252.html
暑期清凉亲子旅行，五天四夜走进老家河南,河南,/travels/henan100058/3967803.html
云上一天，草原四季，在山野中渡过别样亲子时光,安吉,/travels/anji686/3970158.html
孕期旅行｜一个身体两颗心跳，带你去天之涯海之角，邂逅网红却又安静的三亚,海南,/travels/hainan100001/3962895.html
柳州不只有螺蛳粉——5天都玩不够的聚宝盆,柳州,/travels/liuzhou143/3962269.html
三亚亲子游，吃喝玩乐攻略在此啦！,三亚,/travels/sanya61/3962014.html
在秘鲁的十三个日夜，完成一场有生之年的冒险,秘鲁,/travels/peru100112/3931831.html
这个秋冬，最不能错过腾冲金色的世外桃源,腾冲,/travels/tengchong696/3983380.html
往北去——北欧自驾环游12国（一）,波兰,/travels/poland100118/3957365.html
疫情过后 尽情享受大海与美食的三亚放飞之旅,三亚,/travels/sanya61/3981953.html
广西8日秋色图｜人间忽晚，山河已秋。,广西,/travels/guangxi100052/3983193.html
去南方过个暖冬——海南环岛全攻略,海南,/travels/hainan100001/3982147.html
享自贡时光｜讲述盐味的故事,自贡,/travels/zigong575/3981579.html
川西自驾，寻一片秘境，盼一场金秋,甘孜藏族自治州,/travels/ganzi754/3981757.html
【马玛丽旅行志】千年古都，常来长安，看过今日的西安，感受昨日的长安,西安,/travels/xian7/3941556.html
春天的婺源，油菜花开，宛如一幅诗情画意的水墨画,婺源,/travels/wuyuan446/3941461.html
【内蒙行记】—— 以梦为马，呼伦之夏（2018年，3000公里，穿越呼伦贝尔的干,海拉尔,/travels/hailaer2025/3940978.html
呼伦贝尔：夏日未至，高唱一曲草原牧歌，眷恋你的风情万种,呼伦贝尔,/travels/hulunbeier458/3941058.html
春日阳朔赏花踏青，重启错过了的春节旅行,阳朔,/travels/yangshuo702/3941589.html
春日物语|疫情过后细品草长莺飞、平遥古城漫步二日游,平遥,/travels/pingyao365/3940629.html
厦门初夏亲子游：不止阳光海滩，还有孩子最爱的ta！,厦门,/travels/xiamen21/3950780.html
三亚行摄录：「夏末·秋初」海岛浪行记（吃住行全攻略）,三亚,/travels/sanya61/3970039.html
彩云之南，待得越久越想隐居(大理丽江西双版纳三城游),大理白族自治州,/travels/dali31/3969169.html
小岛冲绳｜宝岛以东，琉璃之岛,日本,/travels/japan100041/3953387.html
三亚| 今年必去的热门海岛旅行地 吃住玩攻略,三亚,/travels/sanya61/3969708.html
重庆电影江湖巡礼，跟随神雕侠旅的镜头1:1探访重庆最受欢迎的电影取景地！,重庆,/travels/chongqing158/3967831.html
苏州相城，蕴秀藏雅的活力之地,阳澄湖,/travels/yangchenghu120528/3967962.html
带着少年的心，我们奔赴河南老家,河南,/travels/henan100058/3968107.html
云南旅游第一站，来古滇名城度假区，清爽一夏！,昆明,/travels/kunming29/3965031.html
顺德三日，你猜我吃了几顿饭？,顺德区,/travels/shundedistrict120098/3958412.html
如果你心情不好了，那我们就相约成都吧 | 不一样的5天4夜,成都,/travels/chengdu104/3886313.html
带着婚纱去旅行 | 内蒙赤峰自驾之旅（附中国最美草原公路自驾攻略）,赤峰,/travels/chifeng483/3958270.html
遇见雅致好“食”光，养生又养心的城市酒店度假秘籍,广州,/travels/guangzhou152/3957082.html
游记|大隐隐于成都，带不走的只有你,成都,/travels/chengdu104/3930750.html
盛夏西子湖，嬉戏烟雨中|杭州，送小小只们的毕业旅行,杭州,/travels/hangzhou14/3957388.html
四天三夜潮之旅，体验不一样的粤文化,潮州,/travels/chaozhou467/3956860.html
【遇见绝美全南】如画且崭新，2.5天自驾目的地--全南,全南,/travels/quannan2393/3957021.html
齐鲁大地精彩万千，好看好玩夏游推荐！带你玩遍济南&泰安&淄博&潍坊,济南,/travels/jinan128/3957177.html
珠海度假村酒店休闲游，享受属于我的惬意时光,珠海,/travels/zhuhai27/3967869.html
又来啦！三亚！记录我的三亚一个月生活,三亚,/travels/sanya61/3993511.html
用一场三亚跨年旅行来告别这不平凡的一年吧,三亚,/travels/sanya61/3994864.html
四天三夜潮之旅，体验不一样的粤文化,潮州,/travels/chaozhou467/3956860.html
让我们在成都的街头走一走，不带走也不停留/终极版游玩秘籍,成都,/travels/chengdu104/3930929.html
亲子游|厦门，住进法式城堡里慢享半城半海,厦门,/travels/xiamen21/3952351.html
今年冬天最美的浪漫，就是三亚的海边,三亚,/travels/sanya61/3991817.html
一生必打卡：兴安盟阿尔山，驰骋林海雪原，感受风花雪月,阿尔山,/travels/aershan120084/3991931.html
初夏周末，相遇龙游,龙游,/travels/longyou812/3951590.html
梦幻之旅——我的冬日童话“东方小瑞士”,阿尔山,/travels/aershan120084/3993844.html
初夏，寻访梦中江南常熟虞山，详尽解锁安全出游第一站,常熟,/travels/changshu101/3950184.html
手写一封情书，给大理的柔软时光,大理白族自治州,/travels/dali31/3949541.html
飘雪的季节 浪漫山东行,泰山,/travels/taishan6/3993321.html
阆中两日游｜感受千年古城的历史文化,阆中,/travels/langzhong831/3946925.html
三亚 | 冲浪酷女孩嗨吃18店，谁说运动与美食不可兼备,三亚,/travels/sanya61/3993281.html
玩转长白山，冰雪总动员：4天3晚，体验一山一水“世界级”冰火两重天,长白山,/travels/changbaishan268/3992893.html
行摄厦门，三天两夜带你感受最惬意的鹭岛慢生活,厦门,/travels/xiamen21/3993186.html
三入彩云之南 | 遇见大理雨过天晴的双彩虹，寻着泸沽湖,云南,/travels/yunnan100007/3992233.html
来英德梦幻王国度假，感受童话世界般美好,英德,/travels/yingde962/3992612.html
笑妍日记之呼伦贝尔——有雪的冬天才完整吖（2021跨年4日）,呼伦贝尔,/travels/hulunbeier458/3992509.html
南方姑娘的心愿：想和你一起去东北看雪啊,哈尔滨,/travels/haerbin151/3992366.html
12月再度游三亚，我更爱这个温暖的海岛了,三亚,/travels/sanya61/3992252.html
「桥如虹，水如空， 侧船篷，使江风」梦回周庄·寻觅年味记,周庄,/travels/zhouzhuang81/3992062.html
解锁冬季最美目的地—哈尔滨，这几件事你必须做！,哈尔滨,/travels/haerbin151/3991461.html
冬游黔东南，非遗新风采，人文风情攻略,西江千户苗寨,/travels/xijiangmiaovillage120531/3991482.html
【三亚深度游】冬天怎么玩，送你一份5天4晚游玩攻略，带你玩转三亚！,三亚,/travels/sanya61/3991793.html
北纬18度的海风，属于海岛的文艺与清新,海南,/travels/hainan100001/3991641.html
周庄的年味生活，人间清欢可期,周庄,/travels/zhouzhuang81/3991803.html
江苏盐城| 感受东方湿地之都，走进仙鹤神鹿世界,盐城,/travels/yancheng493/3980577.html
泰州慢 | 十月初秋遇见丰富多彩的海陵,泰州,/travels/taizhou494/3979113.html
西藏是个缺氧但不缺信仰的地方（日喀则珠峰环线之旅）,西藏,/travels/tibet100003/3974473.html
水乡黎里|踏歌行江南，月圆桂花香,吴江区,/travels/wujiang1017/3977721.html
十一小长假|烟雨瘦西湖，记一场浮光掠影的扬州“苦”旅,扬州,/travels/yangzhou12/3979277.html
古韵今风，万象更新，活力四射苏州城丨苏州园区3日小众玩法,苏州,/travels/suzhou11/3952882.html
寻幽向径山，问茶陆羽泉——遇见一场秋日里的江南游园会,余杭区,/travels/yuhang1429/3975510.html
西藏半个月，探寻宝藏村落。一路前行，一路找寻，一路回答，一路面对,西藏,/travels/tibet100003/3972804.html
跟着摄影师24小时玩转建业·华谊兄弟电影小镇,中牟,/travels/zhongmou1446088/3974428.html
【三亚】去温暖的地方过冬吧，三亚三大海湾吃住行全攻略,三亚,/travels/sanya61/3977458.html
重返三亚，三湾两酒店的伪蜜月之旅,三亚,/travels/sanya61/3976957.html
再遇丽江，彩云之南下，追寻我的风花雪月,丽江,/travels/lijiang32/3975889.html
开着房车去新疆，独库公路+南疆20天自驾,新疆,/travels/xinjiang100008/3960100.html
寻幽向径山，问茶陆羽泉——遇见一场秋日里的江南游园会,余杭区,/travels/yuhang1429/3975510.html
坐着火车游欧洲，精彩十日，梦幻之旅,西班牙,/travels/spain100035/3928779.html
成都，想带走的全都带不走，但可以写进游记里，写进记忆的精选集。,成都,/travels/chengdu104/3966766.html
三亚自驾之旅，玩转碧海蓝天，想念三亚的美食,三亚,/travels/sanya61/3967210.html
滇藏之路，雪山深处，谱一曲香巴拉的散文诗——香格里拉遛娃之旅,香格里拉,/travels/xianggelila106/3967042.html
听一段始皇的游记，看一段甲午的历史，最美的季节自驾去威海吃最肥的海鲜,威海,/travels/weihai169/3966412.html
从儒家文化到热情海岸，这样的山东很精彩,曲阜,/travels/qufu129/3966446.html
江苏避暑地，茅山宝盛园：睡在竹海，漂进丛林，清凉一夏（超强攻略）,常州,/travels/changzhou206/3964041.html
遇见别样三亚，只知这里风景美如画，殊不知历史也传奇（内附美食攻略）,三亚,/travels/sanya61/3966745.html
【秋游江南】一周时间，0元红叶、银杏红墙、小桥流水、江南园林、都市夜景之旅~,南京,/travels/nanjing9/3963961.html
海南亚龙湾：三亚最美海滩区，冬季避寒的好去处,三亚,/travels/sanya61/3938889.html
在一天48小时都不够用的东京里，慢慢迷路 (东京最强攻略没有之一!),东京,/travels/tokyo294/3939473.html
春日物语|细品草长莺飞、落英缤纷，莫干山轻松漫步二日,莫干山,/travels/moganshan87/3939961.html
《罗生门》情侣之间截然不同香港梦，只能与众不同的艺术旅行玩法,香港,/travels/hongkong38/3936173.html
亚得里亚海巡礼,卢布尔雅那,/travels/ljubljana1286/3930817.html
慢行日本 | 赴一场函馆的冬日之约,函馆,/travels/hakodate14536/3938133.html
西安，一座千年的网红之城,西安,/travels/xian7/3941973.html
春意绵绵，相遇六安,六安,/travels/liuan502/3946273.html
六天五晚，从成都浪到重庆，巴适逛逛走走吃吃,成都,/travels/chengdu104/3966172.html
三亚,三亚,/travels/sanya61/3965057.html
多面相城，体会不一样的苏州美,苏州,/travels/suzhou11/3968069.html
带父母去旅行|隔壁老王环游中国第一季：从云南到西藏，开着房车去拉萨。,西藏,/travels/tibet100003/3963543.html
往北去——北欧自驾环游12国（一）,波兰,/travels/poland100118/3957365.html
湾区超美风景线，一起感受至美南沙,广州,/travels/guangzhou152/3963984.html
去常州茅山清凉一夏|3天2晚探秘江浙沪宝藏乐园，睡茶田美宿，穿越竹海漂流,常州,/travels/changzhou206/3963606.html
自驾绵阳5城 原来这是一场追寻电影的时光之旅呀！,北川,/travels/beichuan1934/3963719.html
驾遇浙东南，打卡绍宁舟：一城一景一历史，一宿一味一故事,绍兴,/travels/shaoxing18/3946371.html
自驾游防城港，广西小众地方也有绝美的风景,东兴,/travels/dongxing964/3947329.html
好久不见，嵊泗想念，拨云见日终见你--东方小希腊,嵊泗,/travels/shengsi82/3945444.html
西藏半个月，探寻宝藏村落。一路前行，一路找寻，一路回答，一路面对,西藏,/travels/tibet100003/3972804.html
成都在做，幸福在右，人间烟火，理想生活 | 2020成都最新版游记,成都,/travels/chengdu104/3966516.html
在三亚住了一个月，我发现这些酒店最值得带宝宝去！,三亚,/travels/sanya61/3966220.html
昆明丨到七彩云南避暑度假，游欢乐世界，看古滇文化,昆明,/travels/kunming29/3963853.html
来葛仙村过几天神仙日子！！！【江西旅游新地标】葛仙村度假区三天两晚全功攻略,上饶,/travels/shangrao547/3963512.html
戏水的夏日 | 茅山宝盛园里的盛夏度假时光,常州,/travels/changzhou206/3963375.html
江浙沪小众清凉2日游：南宋首都，杭州临安--河桥镇江畔，凉源漂峡谷，国宝藏边城,临安区,/travels/linan88/3963061.html
这是一份佛山美食与景点游玩攻略，拿好不谢！,佛山,/travels/foshan207/3963216.html
高明亲子游好去处！游玩攻略送给你！,佛山,/travels/foshan207/3963109.html
在龙门希尔顿，享受一场亲子温泉度假之旅,惠州,/travels/huizhou213/3963146.html
南昆山居，私享广州后花园的静谧温泉时光,惠州,/travels/huizhou213/3963147.html
寻味贺州| 你有一份贺州美食游玩攻略等待查收！,贺州,/travels/hezhou707/3963053.html
这是一份东莞观澜湖溜娃泡酒店的实用攻略！,东莞,/travels/dongguan212/3962997.html
孕期旅行｜一个身体两颗心跳，带你去天之涯海之角，邂逅网红却又安静的三亚,海南,/travels/hainan100001/3962895.html
和老爸的度假之旅｜好想一直泡在三亚的暖阳里,三亚,/travels/sanya61/3991059.html
飞去热带的岛屿游泳！感受纯正的冬日三亚悠闲假期,三亚,/travels/sanya61/3990671.html
三亚 | 美食旅游攻略 最好吃的店 最全的小众环岛攻略都在这里了,三亚,/travels/sanya61/3990932.html
珠海横琴岛，我喜欢的样子你都有（含详细攻略）,珠海,/travels/zhuhai27/3956877.html
海岛之冬，和闺蜜的三亚之旅,三亚,/travels/sanya61/3990253.html
恋恋厦漳｜念念不忘，必有回响,厦门,/travels/xiamen21/3990394.html
走！一路向西，自驾去大理,大理白族自治州,/travels/dali31/3989659.html
大理虚度时光，此刻岁月静好,大理白族自治州,/travels/dali31/3989653.html
要是不来东北见识冰雪奇缘，仿佛错过了一整个冬天！,雪乡,/travels/xuexiang1445063/3989352.html
【闺蜜游】三天两夜游三亚，发现三亚小众宝藏打卡地,三亚,/travels/sanya61/3987540.html
周末3天厦门游，在最舒服的海边肆意奔跑,厦门,/travels/xiamen21/3988803.html
日本 | 冬天就该看雪泡汤吃肉，品味原汁原味的日本文化风情,日本,/travels/japan100041/3956535.html
三亚，迷恋一座城，迷恋一片海，迷恋一种味道,三亚,/travels/sanya61/3956381.html
豪情自驾内蒙古科右前旗 心归乌兰毛都大草原,兴安盟,/travels/xinganmeng886/3963600.html
全南游记：领略唐朝千古风情，看遍宫崎骏笔下的动漫人间,全南,/travels/quannan2393/3957716.html
三亚丨盛夏，飞跃光年的距离拥抱你（淡季三亚四日小众度假自驾之旅））,三亚,/travels/sanya61/3956942.html
阳朔亲子游，一场沉醉在山水与美食的旅行,阳朔,/travels/yangshuo702/3955521.html
日本 | 冬天就该看雪泡汤吃肉，品味原汁原味的日本文化风情,日本,/travels/japan100041/3956535.html
三亚，迷恋一座城，迷恋一片海，迷恋一种味道,三亚,/travels/sanya61/3956381.html
五年三次新加坡，心想狮城的每一个美丽角落,新加坡,/travels/singapore53/3785209.html
悠哉夏日，荷你相伴，我们在高淳的慢城周末,高淳区,/travels/gaochun3084/3956042.html
端午自驾游，赣南这些绝美好去处，你去过几个？,全南,/travels/quannan2393/3955238.html
【遇见绝美全南】七月，沉醉在全南的山水画卷里,全南,/travels/quannan2393/3956360.html
跨越北极圈，走进幸福的芬兰，漫游梦幻般的童话世界！,芬兰,/travels/finland100092/3937945.html
48h漫游记 | 在平庸的生活中与你相拥 —— 爱上“人间天堂 ” 姑苏城,苏州,/travels/suzhou11/3932866.html
第五次泰国，放慢脚步感受陨落的国都和王室度假海滨小镇,大城,/travels/ayutthaya1187/3937348.html
逃离梅雨季！在威海西霞口看日出等日落,荣成,/travels/rongcheng899/3961747.html
走进厨师之乡畅游顺德！寻味“世界美食之都”,顺德区,/travels/shundedistrict120098/3970932.html
荆州，楚国故都，邂逅三国名城的古老与现代,荆州,/travels/jingzhou413/3971074.html
手绘泰州 | 水城来信，请收下这份人间食光（三日赏味漫游）,泰州,/travels/taizhou494/3975922.html
大理丽江：这里的空气有点稀薄，人们过着乌托邦的生活,丽江,/travels/lijiang32/3975955.html
滑雪看海泡温泉，放寒假我们去江原道,平昌郡,/travels/pyeongchanggun14773/3987736.html
风雨兼程，遇见江西这边风景独好,三清山,/travels/sanqingshan159/3987441.html
有福之州 | 没想到福州这么好玩！3天2晚走进文艺清新的福建省城！,福州,/travels/fuzhou164/3976881.html
秋色“荷”你在一起：驾遇麋鹿之乡，徜徉荷兰花海,盐城,/travels/yancheng493/3976856.html
吐血整理三亚海棠湾、亚龙湾、三亚湾最全攻略，附详细吃、住、景点、交通信息,海南,/travels/hainan100001/3987003.html
岁末在旅行｜故事里的澳门风云,澳门,/travels/macau39/3986268.html
走，去广东顺德过一个甜蜜的周末！,顺德区,/travels/shundedistrict120098/3984025.html
周末随心飞，和闺蜜来三亚“猫”一个暖冬,三亚,/travels/sanya61/3986791.html
独行德国｜从法兰克福到布拉格的日志,德国,/travels/germany100025/3933768.html
漫游风车大国与动画王国【荷兰+比利时】的十五天（完结,比利时,/travels/belgium100023/3933540.html
再话长安，这里有我放不下的惦念,西安,/travels/xian7/3932861.html
山海相间 美味相伴,营口,/travels/yingkou692/3953690.html
吹最猛的风，看最蓝的海｜带老母亲重返三亚,三亚,/travels/sanya61/3951465.html
抓住夏天的尾巴,感受营口版“向往的生活”,盖州,/travels/gaizhou1941/3950457.html
老成都人为你写的成都游记,成都,/travels/chengdu104/3954358.html
古韵今风，万象更新，活力四射苏州城丨苏州园区3日小众玩法,苏州,/travels/suzhou11/3952882.html
六月黄山游，寻梦到徽州--7家必住民宿睡一“皖”,黄山,/travels/huangshan120061/3953155.html
5月，送给自己的生日礼物，一场东海小岛旅行（附枸杞岛、花鸟岛拍照攻略）,嵊泗,/travels/shengsi82/3952772.html
初夏周末，相遇龙游,龙游,/travels/longyou812/3951590.html
亲子游|厦门，住进法式城堡里慢享半城半海,厦门,/travels/xiamen21/3952351.html
住在抚仙湖的梦幻城堡｜享海豚湾之夏,抚仙湖,/travels/fuxianhu2080/3952228.html
海南三亚｜年后的第一次旅行叫做安逸,三亚,/travels/sanya61/3952181.html
美景、美食相伴，来一场与南沙的约会,广州,/travels/guangzhou152/3962146.html
威海西霞口的夏日，享受海滨慢时光,威海,/travels/weihai169/3962140.html
避暑度假到云南，昆明玩不够的是古滇,昆明,/travels/kunming29/3965521.html
【神雕侠旅】这个初夏，厦门是我最想和你牵手去的地方！,厦门,/travels/xiamen21/3947706.html
打卡云南小众旅行地：在抚仙湖畔看落日，与海豚共眠,抚仙湖,/travels/fuxianhu2080/3952202.html
悠然“夏”日，我“们”的快乐时光，在厦门！,厦门,/travels/xiamen21/3951416.html
奥地利｜你是八音盒上旋转的圆舞曲,奥地利,/travels/austria100027/3949120.html
超值三亚，六月去玩！睡平价五星，逛热门景点，吃榜单美食,三亚,/travels/sanya61/3951336.html
广东自驾好去处，桂山岛踏浪看海，这是夏天该有的样子,珠海,/travels/zhuhai27/3950901.html
倾尽所有对冬季的幻想｜把爱留在俄罗斯,俄罗斯,/travels/russia100083/3937845.html
四季流转 日常即美（熙春篇） |本地文青的南京美学生活志,南京,/travels/nanjing9/3937576.html
跨越北极圈，走进幸福的芬兰，漫游梦幻般的童话世界！,芬兰,/travels/finland100092/3937945.html
亚得里亚海巡礼,卢布尔雅那,/travels/ljubljana1286/3930817.html
《罗生门》情侣之间截然不同香港梦，只能与众不同的艺术旅行玩法,香港,/travels/hongkong38/3936173.html
自驾游防城港，广西小众地方也有绝美的风景,东兴,/travels/dongxing964/3947329.html
春意绵绵，相遇六安,六安,/travels/liuan502/3946273.html
好久不见，嵊泗想念，拨云见日终见你--东方小希腊,嵊泗,/travels/shengsi82/3945444.html
驾遇浙东南，打卡绍宁舟：一城一景一历史，一宿一味一故事,绍兴,/travels/shaoxing18/3946371.html
冬日北海道 | 我们的纯白蜜月之旅，爱在这里起航,北海道,/travels/hokkaido296/3944951.html
初夏，寻访梦中江南常熟虞山，详尽解锁安全出游第一站,常熟,/travels/changshu101/3950184.html
手写一封情书，给大理的柔软时光,大理白族自治州,/travels/dali31/3949541.html
吹着鹭岛的晚风，徜徉在闽南的夕阳,厦门,/travels/xiamen21/3949840.html
自驾丽江，最美的时光在路上,丽江,/travels/lijiang32/3948919.html
阆中两日游｜感受千年古城的历史文化,阆中,/travels/langzhong831/3946925.html
在三亚的小时光，与美食相伴，听海浪拍岸,三亚,/travels/sanya61/3946771.html
今年预算有限也能玩转三亚，十大私藏免费网红景点?吃住买全攻略,三亚,/travels/sanya61/3948276.html
面面旅拍--面朝北冰洋，背靠北极光，在摩尔曼斯克度过的日日夜夜,摩尔曼斯克,/travels/murmansk4711/3936790.html
闺蜜的夏日日本升龙道慢旅行，名古屋-金泽-高山-白川乡-下吕-名古屋乐高-常滑,飞驒高山,/travels/hidatakayama120491/3936726.html
星月苍茫红河岸（土耳其国庆自驾游.热气球.滑翔伞.世遗.网红全记录）,土耳其,/travels/turkey100073/3936496.html
走进金色的童话世界，我和小伙伴们终于找着北了……（呼伦贝尔最详细游记攻略）,阿尔山,/travels/aershan120084/3936162.html
慢行捷奥┃我的童话我的国,捷克,/travels/theczechrepublic100094/3935868.html
小众横滨，解锁精彩无限四日亲子游,横滨,/travels/yokohama2126/3935828.html
在成都谈场永不分手的恋爱—“神雕侠旅”成都私藏小众景点推荐,成都,/travels/chengdu104/3902225.html
自驾游|住进鹤山福朋喜来登酒店，重走红星路,鹤山,/travels/heshan1182/3945713.html
春日去沈阳，邂逅一场春暖花开，莺飞草长,沈阳,/travels/shenyang155/3944437.html
不为艳遇，只为诗与远方！待到春花烂漫时，漫步彩云之南～,大理白族自治州,/travels/dali31/3943657.html
岭南情怀，叹美食观海景，深度感受广府人最熟悉的旧时光,广州,/travels/guangzhou152/3943887.html
看不够吃不完的石狮之旅，小城故事多，等你来挖掘（附详细景点、美食、住宿攻略）,石狮,/travels/shishi245/3944642.html
成都游记-常忆蓉城早春,成都,/travels/chengdu104/3944292.html
一场秋日的洗礼，瑞典南部自驾之旅,马尔默,/travels/malmo1897/3930454.html
木棉不开，夏季不来。海南环岛，一贴到位！,三亚,/travels/sanya61/3898675.html
水城兴化，如诗如画,兴化,/travels/xinghua1946/3942768.html
左手长沙右手张家界，初探湘西武陵源,张家界,/travels/zhangjiajie23/3877236.html
邂逅西安年：梦回3100年璀璨长安夜，寻觅1100年十三古都史,西安,/travels/xian7/3932909.html
梦在周庄｜江南水乡拥有着诗和远方,周庄,/travels/zhouzhuang81/3921176.html
广东周末游|赴一场梦幻冰雪奇旅，感觉无与伦比,香港,/travels/hongkong38/3921156.html
北纬18度的浪漫，闺蜜团三亚暴走之旅！【附美食攻略+自由行指南】,三亚,/travels/sanya61/3921564.html
槟城，一隅，我在这个冬天的小欢喜,槟城州,/travels/penang44/3920630.html
重庆该是哪般模样？一份来自非重庆人的小众玩法,重庆,/travels/chongqing158/3922808.html
【克罗地亚】海水与火焰，相遇圣诞季的冬日童话，穿越中世纪的“风雨”之旅,克罗地亚,/travels/croatia100129/3935119.html
【西安】繁华未央，迷失在千年古都的夜色中,西安,/travels/xian7/3932636.html
糟糕，是心动的感觉！釜山，我怎么这么喜欢你？,韩国,/travels/southkorea100042/3877222.html
大西北丨夏天最美的青海甘肃大环线，一次看尽万般风景,海西,/travels/haixi120012/3934609.html
暖夏狮城｜一封寄给自己的旧南洋独白,新加坡,/travels/singapore53/3932276.html
放下偏见，原来你是宝藏杭州（附杭州15个小众打卡景点）,杭州,/travels/hangzhou14/3934477.html
独行德国｜从法兰克福到布拉格的日志,德国,/travels/germany100025/3933768.html
穿行在湖光山色的绝美天堂---新西兰16日精华路线自驾游（特色餐厅住宿活动推荐）,阿卡罗阿,/travels/akaroa57930/3796579.html
迷失在不一样的槟城~五天四晚全攻略,槟城州,/travels/penang44/3920801.html
嗨玩三天两夜，香港迪士尼乐园暖冬圣诞季慢行指南,香港,/travels/hongkong38/3924426.html
柯南和基德首度联手的新加坡，有什么值得我为之着迷 （附狮城手绘攻略）,新加坡,/travels/singapore53/3923437.html
我在北纬18度的热带岛屿，等风也等你~,三亚,/travels/sanya61/3925114.html
【贝加尔湖畔 邂逅蓝冰】那些很冒险的梦，我们一起去疯,伊尔库茨克,/travels/irkutsk47699/3925146.html
神秘复活节岛，世界尽头巴塔哥尼亚，来智利实现车厘子自由,智利,/travels/chile100110/3925448.html
漫游风车大国与动画王国【荷兰+比利时】的十五天（完结,比利时,/travels/belgium100023/3933540.html
小豆苗（3.5y+）@北海道，化身小精灵，舔一口甜甜の雪。,北海道,/travels/hokkaido296/3933865.html
捷克环游记 邂逅波西米亚童话王国,捷克,/travels/theczechrepublic100094/3934013.html
最好的友情是一起旅行一起成长—记闺蜜与我的北欧行（斯德哥尔摩、哥本哈根、哥德堡）,哥本哈根,/travels/copenhagen449/3932803.html
吃货的日本高山北陆美食行，不期而遇白川乡的初雪,日本,/travels/japan100041/3933472.html
一人一娃勇闯阿布扎比，寻找不一样的中东自驾亲子玩法,阿布扎比,/travels/abudhabi1353/3926691.html
嵊泗｜一路向东，最美不过遇见那片海,嵊泗,/travels/shengsi82/3914007.html
浙江西部风光最好的地方，连绵的山成就了旖旎的风光，连上海人都趋之若鹜自驾前来,松阳,/travels/songyang2250/3913360.html
热带岛屿小众游 |过不完的夏天和吃不够的美食…,三亚,/travels/sanya61/3912257.html
【美西自驾】7天10城，跟有趣的灵魂们飞驰过的2000公里170个小时,美国,/travels/unitedstates100047/3912027.html
6天游大马，马六甲、新山、天空之境吃喝玩乐全攻略,马来西亚,/travels/malaysia100022/3912348.html
上法兰西艺术生活亲子之旅，走进法国人充满艺术感的日常生活,法国,/travels/france100024/3910128.html
旅拍新西兰，在中土的云端跳舞,新西兰,/travels/newzealand100078/3911673.html
笑妍日记之呼伦贝尔——如果风知道，如果云知道,呼伦贝尔,/travels/hulunbeier458/3815365.html
一入黔西南误终身，走最狂野的路，看最动人的景，吃最走心的饭,兴义,/travels/xingyi519/3911014.html
亲子游撞上樱花祭，带着娃娃闯关西！奈良-京都-大阪7日 详尽行程+实用攻略,奈良,/travels/nara1045/3797793.html
三亚「遗忘的角落」· 探秘美人岛，追寻天空之眼（吃住行全攻略）,三亚,/travels/sanya61/3905520.html
香格里拉的风，吹散了丽江的云｜日月星辰，一米阳光,香格里拉,/travels/xianggelila106/3910280.html
一日时光列车，寻一场不同寻常的日本旅行（品川、镰仓、川崎、台场、银座、涩谷）,东京,/travels/tokyo294/3909890.html
穿行在湖光山色的绝美天堂---新西兰16日精华路线自驾游（特色餐厅住宿活动推荐）,阿卡罗阿,/travels/akaroa57930/3796579.html
葡萄夫妇枫叶季游日本九州，福冈|鹿儿岛|指宿|熊本|由布院|别府|大久野岛攻略,九州,/travels/kyushu291/3814192.html
去山城哪些地方打卡，这份重庆3天2夜最强打卡攻略告诉你！,重庆,/travels/chongqing158/3909129.html
杭州｜江南秋色与千古不变的情怀,杭州,/travels/hangzhou14/3908001.html
春日阳朔赏花踏青，重启错过了的春节旅行,阳朔,/travels/yangshuo702/3941589.html
在澳州东海岸撒欢—完美亲子旅行线路（黄金海岸/布里斯班/海豚岛/圣灵群岛大堡礁）,昆士兰,/travels/queensland25026/3937512.html
西安，一座千年的网红之城,西安,/travels/xian7/3941973.html
上帝的眼泪，锡兰微笑，这是我不能忘记的斯里兰卡（13天行程，超详细攻略）,斯里兰卡,/travels/srilanka100084/3892505.html
【日本】最全东京樱花实拍指南，纪念平成年最后的樱花季！,东京,/travels/tokyo294/3932169.html
春日物语|疫情过后细品草长莺飞、平遥古城漫步二日游,平遥,/travels/pingyao365/3940629.html
塑料母女日本东北深度游（秋田&山形）,日本,/travels/japan100041/3940924.html
海洪宁静，盐潮入官，百里钱塘，春暖花开--驾“浙”观大潮访金庸、赏樱花睡房车,海宁,/travels/haining86/3941011.html
这个春天去杭州，在金沙湖畔的希尔顿嘉悦里，重启新生活方式,杭州,/travels/hangzhou14/3940986.html
不再执着于打卡照的云南之旅，收获了初遇这片美景的惊喜与感动,丽江,/travels/lijiang32/3929724.html
【日本】日本首都圈一日游最全攻略，东京周边N种玩法任你挑！,日本,/travels/japan100041/3930385.html
「流奶与蜜」的应许:耶路撒冷 Promised Land：Jerusalem（耶路撒冷6日深度游）,耶路撒冷,/travels/jerusalem552/3924212.html
跟着“少年的你”进入市井气十足的重庆——电影取景地和超全景点逛吃攻略！,重庆,/travels/chongqing158/3914321.html
安麓之旅，和孩子隐归的三天两晚，一场穿越时空的旅行,绍兴,/travels/shaoxing18/3940863.html
春日物语|细品草长莺飞、落英缤纷，莫干山轻松漫步二日,莫干山,/travels/moganshan87/3939961.html
在一天48小时都不够用的东京里，慢慢迷路 (东京最强攻略没有之一!),东京,/travels/tokyo294/3939473.html
“以亡灵之名”——墨西哥惊艳自驾游 （下）,特拉斯卡拉州,/travels/tlaxcala32026/3931444.html
“以亡灵之名”——墨西哥惊艳自驾游（上）,普拉亚德尔卡曼,/travels/playadelcarmen58047/3918187.html
『 美国 』东部四城记，过去、现在与未来的时光穿行,纽约,/travels/newyork248/3938524.html
海南亚龙湾：三亚最美海滩区，冬季避寒的好去处,三亚,/travels/sanya61/3938889.html
圆一场童话梦,探索德国城堡,体验中世纪的奢华！,德国,/travels/germany100025/3937632.html
第五次泰国，放慢脚步感受陨落的国都和王室度假海滨小镇,大城,/travels/ayutthaya1187/3937348.html
去山城哪些地方打卡，这份重庆3天2夜最强打卡攻略告诉你！,重庆,/travels/chongqing158/3909129.html
菲比寻常，带你玩转七千海岛的最美风情,菲律宾,/travels/philippines100044/3906651.html
厦门，这一次用舌尖去认识你，三天两晚回味其中,厦门,/travels/xiamen21/3904229.html
坐着火车游欧洲，精彩十日，梦幻之旅,西班牙,/travels/spain100035/3928779.html
慢行日本 | 赴一场函馆的冬日之约,函馆,/travels/hakodate14536/3938133.html
吃货的日本高山北陆美食行，不期而遇白川乡的初雪,日本,/travels/japan100041/3933472.html
三亚旅行攻略丨在寒冷的冬天，去三亚追寻最热烈的夏天,三亚,/travels/sanya61/3929383.html
不止布达佩斯，匈牙利还有这些小众有趣的地方,匈牙利,/travels/hungary100101/3933392.html
48h漫游记 | 在平庸的生活中与你相拥 —— 爱上“人间天堂 ” 姑苏城,苏州,/travels/suzhou11/3932866.html
再话长安，这里有我放不下的惦念,西安,/travels/xian7/3932861.html
【雍容makiori】呼伦贝尔~当童话世界被纯白初始化,呼伦贝尔,/travels/hulunbeier458/3933083.html
【寻到天津】粗糙却又文艺的热爱,天津,/travels/tianjin154/3933014.html
若你有闺蜜，请一定和她在清迈，来一场五彩斑斓的穿搭旅拍之行（含酒店测评）,清迈,/travels/chiangmai209/3932814.html
邂逅西安年：梦回3100年璀璨长安夜，寻觅1100年十三古都史,西安,/travels/xian7/3932909.html
平成最后的追樱，一路西行亲子乐园刷不停,日本,/travels/japan100041/3932578.html
津城掠影，那些不能错过的美景,天津,/travels/tianjin154/3931680.html
圆一个民国梦 走遍天津大街小巷,天津,/travels/tianjin154/3932189.html
去旅行吧，你永远不知道明天和意外哪个先来—遇见西班牙（马德里、穆尔西亚、卡塔赫纳,马德里自治区,/travels/communityofmadrid4451/3931860.html
“意”味“深”长，给你一份30小时的深圳文艺漫步地图,深圳,/travels/shenzhen26/3923358.html
一步一周庄，一眸一回忆，记暖冬的江南水乡,周庄,/travels/zhouzhuang81/3931836.html
与加拿大的初次相遇|多伦多圣诞冰雪之旅,多伦多,/travels/toronto355/3927055.html
逃离冬日到北纬18度，做一个南国候鸟,三亚,/travels/sanya61/3931058.html
那些我很冒险的梦，你陪我去疯（土耳其顺时针深度省钱10日游）,伊斯坦布尔,/travels/istanbul258/3819104.html
香港迪士尼奇妙新春，米奇年“鼠”你最红！,香港,/travels/hongkong38/3930532.html
【日本】日本首都圈一日游最全攻略，东京周边N种玩法任你挑！,日本,/travels/japan100041/3930385.html
在新加坡圣淘沙，享受未来度假模式--JOJO出品,新加坡,/travels/singapore21396/3929887.html
【漫画纽埃】被世界遗忘的国家-波利尼西亚之礁,新西兰,/travels/newzealand100078/3929937.html
2020年的第一场旅行，从雪乡到哈尔滨，给世界留点白,雪乡,/travels/xuexiang1445063/3929648.html
不再执着于打卡照的云南之旅，收获了初遇这片美景的惊喜与感动,丽江,/travels/lijiang32/3929724.html
一人一猫蜜月旅行，牵手走过半海半城新加坡巴厘岛之旅,巴厘岛,/travels/bali438/3929358.html
厦门怎么玩，看这篇就够了--JOJO出品,厦门,/travels/xiamen21/3929337.html
克拉玛依，我在冬季遇见你，荒野冰雪醉美是你！,新疆,/travels/xinjiang100008/3927812.html
霜染枫林醉，红叶见倾时——一首无尽的秋日风物诗（附超详细交通攻略）,日本,/travels/japan100041/3929224.html
向南而巡 反转地球 拥抱山河湖海 邂逅中土世界,新西兰,/travels/newzealand100078/3928031.html
三亚最强攻略合集 | 情侣来三亚一定要做的15件小事,三亚,/travels/sanya61/3927330.html
【魔都暴走记】你是我脑海中鲜明的记忆，做一场与上海有关的白日梦。,上海,/travels/shanghai2/3928195.html
弗拉明戈狂想曲-那些你不知道的西班牙,西班牙,/travels/spain100035/3927347.html
千面上海，从遗世独立到灯火辉煌「闺蜜自驾游」,上海,/travels/shanghai2/3927050.html
西班牙建筑巡礼，神雕侠旅浪漫之旅，2000公里深度自驾全攻略,西班牙,/travels/spain100035/3926727.html
新疆冰雪双城记｜收获一趟幸福感爆棚的旅行,昌吉回族自治州,/travels/changji923/3927749.html
新疆旅行：滑雪初体验，泡温泉吃烧烤，我在克拉玛依玩雪儿,克拉玛依,/travels/kelamayi428/3927503.html
六天五晚成都亲子旅行，享受天府之国冬日里的亲子时光,成都,/travels/chengdu104/3927113.html
“意”味“深”长，给你一份30小时的深圳文艺漫步地图,深圳,/travels/shenzhen26/3923358.html
四季变换中的意大利皮埃蒙特，不变的是都灵老时光,皮埃蒙特大区,/travels/piedmont21200/3926165.html
一人一娃勇闯阿布扎比，寻找不一样的中东自驾亲子玩法,阿布扎比,/travels/abudhabi1353/3926691.html
神秘复活节岛，世界尽头巴塔哥尼亚，来智利实现车厘子自由,智利,/travels/chile100110/3925448.html
【贝加尔湖畔 邂逅蓝冰】那些很冒险的梦，我们一起去疯,伊尔库茨克,/travels/irkutsk47699/3925146.html
我在北纬18度的热带岛屿，等风也等你~,三亚,/travels/sanya61/3925114.html
柯南和基德首度联手的新加坡，有什么值得我为之着迷 （附狮城手绘攻略）,新加坡,/travels/singapore53/3923437.html
加拿大｜冬遇艾伯塔，浪漫雪国的激动和狂欢,加拿大,/travels/canada100029/3924690.html
嗨玩三天两夜，香港迪士尼乐园暖冬圣诞季慢行指南,香港,/travels/hongkong38/3924426.html
「流奶与蜜」的应许:耶路撒冷 Promised Land：Jerusalem（耶路撒冷6日深度游）,耶路撒冷,/travels/jerusalem552/3924212.html
名古屋一路往北「沿着升龙道」泡温泉看白川乡，打卡五个城市,日本,/travels/japan100041/3909152.html
重庆该是哪般模样？一份来自非重庆人的小众玩法,重庆,/travels/chongqing158/3922808.html
冰城冬日印象|哈尔滨和雪乡的带娃初体验,哈尔滨,/travels/haerbin151/3895519.html
迷失在不一样的槟城~五天四晚全攻略,槟城州,/travels/penang44/3920801.html
慢行肯尼亚，成全我的潇洒与冒险,肯尼亚,/travels/kenya100087/3740543.html
槟城，一隅，我在这个冬天的小欢喜,槟城州,/travels/penang44/3920630.html
北纬18度的浪漫，闺蜜团三亚暴走之旅！【附美食攻略+自由行指南】,三亚,/travels/sanya61/3921564.html
广东周末游|赴一场梦幻冰雪奇旅，感觉无与伦比,香港,/travels/hongkong38/3921156.html
梦在周庄｜江南水乡拥有着诗和远方,周庄,/travels/zhouzhuang81/3921176.html
漫步日内瓦：时间之城的倾城时光,日内瓦,/travels/geneva302/3911608.html
漫步日内瓦：时间之城的倾城时光,日内瓦,/travels/geneva302/3911608.html
漫步日内瓦：时间之城的倾城时光,日内瓦,/travels/geneva302/3911608.html
【秘鲁】寻找印加帝国的前世今生，打卡心愿清单首位的“天空之城”,秘鲁,/travels/peru100112/3920177.html
2020三亚自由行+春节度假攻略预告：邂逅印象三亚、寻味必吃餐厅,三亚,/travels/sanya61/3919785.html
向往的生活就在这里，风尘仆仆，回到成都（5天4夜成都小记）,成都,/travels/chengdu104/3914979.html
伏尔塔瓦河畔的童话世界，小清新与重口味的捷克之旅,捷克,/travels/theczechrepublic100094/3919118.html
风物关西，总有樱花在等你，冷门赏樱秘所大公开,京都,/travels/kyoto430/3768005.html
一封关于三亚的冬季来信，请各位查收,三亚,/travels/sanya61/3918978.html
当釜山没有釜山行的时候，在秋意下增加了一份浪漫,釜山,/travels/busan432/3919834.html
北纬18度，深秋的暖阳和海风@三亚最新小众网红打卡点指南,三亚,/travels/sanya61/3917993.html
跟着“少年的你”进入市井气十足的重庆——电影取景地和超全景点逛吃攻略！,重庆,/travels/chongqing158/3914321.html
【哈尔滨旅游攻略】—哈尔滨#雪乡#长白山#雾凇岛#八天七夜穿越之旅,雪乡,/travels/xuexiang1445063/3914494.html
成都游记 | OMG超小众景点清单，第一次去成都的看过来！不去你就亏了（内附满满干货）,成都,/travels/chengdu104/3917920.html
加州的时间旅行者,美国,/travels/unitedstates100047/3911103.html
笑妍日记之成都——漫游老成都，巴适得板,成都,/travels/chengdu104/3915114.html
有小龙坎的南澳首府，有祥子拉车的阿德莱德，超长吃住行游娱全攻略,阿德莱德,/travels/adelaide626/3801482.html
南澳“野生”之旅，我遇见自然馈赠的美好,南澳大利亚,/travels/southaustralia25029/3808923.html
芬芳南澳，杯酒人生,南澳大利亚,/travels/southaustralia25029/3747960.html
咫尺之间，尽享人间繁华，这才是度假生活的未来模式,圣淘沙岛,/travels/sentosa776/3897313.html
面面旅拍--追星逛吃两不误，录歌学舞游乐场，带着饭圈大学生精彩玩转首尔,首尔,/travels/seoul234/3896711.html
河南焦作，美食美景惊艳之旅,焦作,/travels/jiaozuo663/3896397.html
槟城这座南洋之城，原来一面是城一面是海,槟城州,/travels/penang44/3894921.html
【念行霓虹.叁】关东乱步|微醺仲夏入夢紫陽（日光.箱根.伊豆半岛.镰仓の旅,关东地方,/travels/kanto21362/3894845.html
嗨玩一夏，来杭州乐园体验一场浪漫极致的旅行,杭州,/travels/hangzhou14/3894402.html
导航都怕的山城，迷失在重庆的大街小巷里,重庆,/travels/chongqing158/3892617.html
西宁童梦乐园亲子游攻略 | 大西北可不只有青海湖,西宁,/travels/xining237/3887886.html
世界那么大，带你去看看：牵手2岁元宝的老越行记,琅勃拉邦,/travels/luangprabang1362/3873818.html
世外桃源温泉地，不止别府由布院，雨季的大分温泉之旅,大分县,/travels/oita1321/3874090.html
暑假亲子游，带娃儿去西双版纳探寻神秘和童话,西双版纳,/travels/xishuangbanna30/3882012.html
七天探访哥伦比亚精华，小众南美醇香之旅,哥伦比亚,/travels/colombia100134/3880421.html
3天假 | 路过你的雪峰、海子、古冰川、青草场.....便再也无法忘怀~,稻城,/travels/daocheng342/3880538.html
内蒙自驾——看遍夏季草原治愈心里的辽阔之美,正蓝旗,/travels/zhenglanqi2975/3878110.html
五年三次新加坡，心想狮城的每一个美丽角落,新加坡,/travels/singapore53/3785209.html
左手长沙右手张家界，初探湘西武陵源,张家界,/travels/zhangjiajie23/3877236.html
遇见缅甸：不早不晚，刚刚好,曼德勒,/travels/mandalay1237/3902434.html
碧海蓝天，沉沦在不一样的菲律宾（巴拉望、宿务、公主港、薄荷岛）,菲律宾,/travels/philippines100044/3904559.html
成都行摄地图ㄧ用8年深吸一口街头的烟火气,成都,/travels/chengdu104/3905788.html
跨年游 | 与日本的初次邂逅（内附新年、奈良鹿、和服、环球影城万字攻略）,大阪,/travels/osaka293/3904666.html
到千岛之国菲律宾，当一回海的女儿,薄荷岛,/travels/boholisland1166/3905281.html
腾冲，一见钟情的世外桃源,腾冲,/travels/tengchong696/3893844.html
重走厦门，网红美食探店+景点打卡全攻略,厦门,/travels/xiamen21/3902627.html
厦门，这一次用舌尖去认识你，三天两晚回味其中,厦门,/travels/xiamen21/3904229.html
慢享生活于肇庆山水间，来了就想停留…,肇庆,/travels/zhaoqing269/3904008.html
20万步，古老热土全新发现,法国,/travels/france100024/3778782.html
42小时周末旅行，「再」见南京，不一样的小众玩法,南京,/travels/nanjing9/3901843.html
翻阅平遥古城，寻迹小时候的我,平遥,/travels/pingyao365/3902810.html
赶在国庆前，四天三夜，再赴一场厦门的约,鼓浪屿,/travels/gulangyu120058/3902886.html
你如此美丽，璀璨今宵良辰（马来西亚吉隆坡、亚罗士打、莎阿南、关丹、芙蓉）,吉隆坡,/travels/kualalumpur45/3764622.html
又见南浔，不只有古镇「还有更多你不知道的地方」,南浔古镇,/travels/nanxun80/3900510.html
重回旧时光-哈尔滨的三天两夜 在奢华的梦中睡去在人间烟火中醒来,哈尔滨,/travels/haerbin151/3901712.html
泉水乐园、花海、小长城，邂逅恩平最美的初秋,恩平,/travels/enping623/3901310.html
夏末关西，从山的这边到海的那边——大阪、神户小众亲子游附超实用交通攻略,神户,/travels/kobe57024/3900874.html
一人游昆士兰，它与阳光皆倾城,布里斯班,/travels/brisbane323/3899148.html
日本中部深度游：走老街，穿旧巷，带你玩转名古屋都市圈,金泽,/travels/kanazawa1672/3899825.html
心心念念江布拉克、神神向往帕米尔高原（2019年夏、天山作陪、冰山相伴的新疆旅行,新疆,/travels/xinjiang100008/3899659.html
“乐”不思“蜀” —— 川蜀双城记,乐山,/travels/leshan103/3899448.html
甜甜の路┇一路往南「解锁桂林?寻迹阳朔」2019亲子佛系六日之旅,桂林,/travels/guilin28/3899325.html
游不尽的泰国，清迈清莱双城记,泰国,/travels/thailand100021/3898719.html
带着妈妈去旅行：畅游北疆 （五彩滩-喀纳斯-禾木-乌尔禾魔鬼城-赛里木湖-那拉提-巴音布鲁克）,新疆,/travels/xinjiang100008/3898654.html
重游新加坡，为圣淘沙名胜世界而来，三天盘转它！（吃住行游购全攻略）,新加坡,/travels/singapore21396/3896793.html
【苏州小众游攻略】古风小姐姐带你游东山,苏州,/travels/suzhou11/3810258.html
一年一会，细品夏日成都之味,成都,/travels/chengdu104/3809384.html
邂逅桂林，隐享一段精致曼妙的旅行,桂林,/travels/guilin28/3809479.html
黔南州史上最强乡村旅游攻略,都匀,/travels/duyun678/3810422.html
春游安徽｜解锁一趟寻忆之旅,合肥,/travels/hefei196/3796022.html
自驾西澳，2000公里的路和云，跨过山和大海，只为遇见你,珀斯,/travels/perth2014499/3801652.html
和闺蜜一起自驾踏青，探索杭州小众玩法,杭州,/travels/hangzhou14/3796774.html
【日本】2019日本必去地，错过等三年的濑户内艺术节,高松,/travels/takamatsu56911/3791636.html
面面旅拍--雪山湖泊鲁冰花，民宿探店逛吃玩，文艺成都女和逗比重庆妹叱咤初夏的新西兰,新西兰,/travels/newzealand100078/3759097.html
从墨尔本到大洋路，这是一条充满宝藏的路线！,大洋路,/travels/2025149/3765593.html
去韩国只能买买买？那是你的打开方式不正确,韩国,/travels/southkorea100042/3788057.html
去韩国，做一次街头美食斗士！——韩国釜山.大邱.安东的吃货之旅,釜山,/travels/busan432/3788059.html
澳门不是纸醉金迷，是一盒七彩的调色盘,澳门,/travels/macau39/3767478.html
去了20多次冲绳的死忠粉，都去哪里？玩什么？吃什么？,日本,/travels/japan100041/3779493.html
2019春节行纪|走进神都洛阳，访十三朝古都遗址,洛阳,/travels/luoyang198/3778502.html
老挝之行，淳朴之旅,老挝,/travels/laos100105/3773233.html
以梦为马，枕着星辰，在浩瀚大海上迎接新年,马尼拉,/travels/manila367/3771310.html
迷在米亚罗叶下醉于毕棚沟雪中,理县,/travels/lixian1445566/3777352.html
法国意大利薰衣草+阿尔卑斯山+环法车赛+戏剧节自驾19日游,法国,/travels/france100024/3769449.html
冬游西藏，看冰封普莫雍错，去苦修者的圣地——桑耶与青朴,山南,/travels/shannan339/3767990.html
【贝加尔湖】达斯维达尼亚，冷酷仙境的旅人记忆,贝加尔湖,/travels/lakebaikal4726/3776719.html
凤凰涅槃后的塞尔维亚，让人迷恋的，不止是世界网坛传奇德约科维奇,塞尔维亚,/travels/serbia100232/3779262.html
诗与远方：冬游喀纳斯,喀纳斯,/travels/kanasi816/3777093.html
一座岛，一个梦，一段爱,马来西亚,/travels/malaysia100022/3773304.html
日本人最爱旅行地，赏樱花最佳旅行地，日本超小众旅行地推荐：青森，八户，弘前，函馆,日本,/travels/japan100041/3770731.html
流连忘返，在贝加尔湖的冬天,贝加尔湖,/travels/lakebaikal4726/3755454.html
是谁扯下天边的蓝， 铺在了新西兰的雪山下,新西兰,/travels/newzealand100078/3770905.html
我来告诉你中国最美最小众的雾凇在哪里,黑龙江,/travels/heilongjiang100055/3777202.html
洛杉矶，天使之城下的浪漫跨年,洛杉矶市,/travels/losangeles250/3770470.html
马耳他，地中海的一颗璀璨珍珠,马耳他,/travels/malta2002754/3776296.html
斯里兰卡 | 旅拍婚纱在锡兰，拥抱那些不期而遇,斯里兰卡,/travels/srilanka100084/3766686.html
你们陪我长大，我陪你们旅行，一起去感受狮城的魅力,新加坡,/travels/singapore21396/3779142.html
四月新疆，等一树杏花开，等一场春风来,新疆,/travels/xinjiang100008/3777878.html
2019的第一天，我遇见了下雪的丽江,丽江,/travels/lijiang32/3765336.html
人妻出逃记，将探店进行到底，邂逅不太一样的泰国！,曼谷,/travels/bangkok191/3776915.html
春节自驾家乡，你知道哈尔滨的美么？,哈尔滨,/travels/haerbin151/3777201.html
睡魔、冰雪与苹果！跟我一起玩转日本青森：弘前青森八户函馆7日旅行,日本,/travels/japan100041/3771281.html
【日本】不用去人挤人的箱根，东京周边小众温泉美食滑雪地推荐,日本,/travels/japan100041/3769513.html
一周玩遍澳大利亚东线精华——悉尼+大堡礁,大堡礁,/travels/greatbarrierreef16276/3768772.html
【北疆自驾】2019年第一场自驾游，探秘冰雪北疆,喀纳斯,/travels/kanasi816/3766371.html
茉莉花之国，神秘北非突尼斯的旅行圆舞曲,突尼斯,/travels/tunisia100115/3766899.html
不可复制的亲子时光——美国东西海岸遛娃行,旧金山镇,/travels/1672990/3768518.html
走过童话里的森林和红房子，中欧小众国度（波兰、斯洛伐克、匈牙利、捷克）,波兰,/travels/paulin1980244/3767112.html
面面旅拍--拍照逛吃两不误，网红小众全搜罗，曼谷和芭提雅原来可以这样玩！,曼谷,/travels/bangkok191/3764723.html
世界尽头与冷酷仙境，冰岛10日顺时针环岛自驾,冰岛,/travels/iceland100096/3758606.html
绝美之境，碧海孤帆，结婚就去大溪地吧！,大溪地,/travels/tahiti1354/3759239.html
行摄香港玉器市场：小贩会流利英文，内地游客被认作日本人,香港,/travels/hongkong38/3759358.html
小假期带你游海岛、下湿地、黏泥人、上莫干山、走进彩虹小镇，做一个色彩斑斓的梦~,莫干山,/travels/moganshan87/3759528.html
放浪漫天灯，拍网红地美照，带你看一个超时髦的高颜值泰国,泰国,/travels/thailand100021/3759741.html
两天玩转珠海，饱览自然人文风光，世纪工程港珠澳大桥，我与这里只差一个梦,珠海,/travels/zhuhai27/3759650.html
厦门旅游！小仙女文艺厦门自由行攻略,厦门,/travels/xiamen21/3759793.html
在新旧交叠的空间里，寻觅舌尖心上的山城故事,重庆,/travels/chongqing158/3760006.html
【有一种孤独的美好，叫做冰岛】（附详细攻略、极光攻略、芬航取消航班索赔】,冰岛,/travels/iceland100096/3759540.html
旅行 | 在北海道的雪地里撒野谈恋爱,小樽,/travels/otaru14565/3760376.html
印度尼西亚怎么玩？十天带你玩遍雅加达、民丹岛、日惹和巴厘岛,日惹,/travels/yogyakarta437/3760589.html
非典型遛娃，英国八日小叙,英国,/travels/unitedkingdom20354/3752345.html
文艺与自然|这里，有一份小众釜山待签收,釜山,/travels/busan432/3753789.html
果小姐的慢生活之飞越半个地球来见你——纳米比亚,纳米比亚,/travels/namibia100151/3758577.html
面面旅拍--红叶遍乡野，美食漫唇间，入北陆探寻日本的一片净土,日本,/travels/japan100041/3746259.html
摇下车窗 背出行囊 —— 乌兰布统秋日驾乘之行,乌兰布统,/travels/wulanbutong120493/3757478.html
2018年11月近期色达基本上是雪的天堂（最近2天色达下雪了。）,色达,/travels/sedaxian120478/3752474.html
往后余生还是你丨在云南日光倾城的冬日，我们终再相见,大理白族自治州,/travels/dali31/3750437.html
行走斯里兰卡，用City Walk的方式认识这个国家,斯里兰卡,/travels/srilanka100084/3750614.html
肯尼亚 | 再圆一次非洲梦，闯进现实版的动物世界,内罗毕,/travels/nairobi795/3742382.html
嘿芭提雅，请摘掉你的有色眼镜 | 小众秘境之旅,泰国,/travels/thailand100021/3748783.html
包邮区的夏天，充满了咸鲜味，宁波美食大搜罗，附上吃喝玩乐攻略,宁波,/travels/ningbo83/3749010.html
疯起来的样子才好看——美西自驾（下）,洛杉矶,/travels/losangelescounty120518/3748867.html
重游呼伦贝尔，走过你来时的路,呼伦贝尔,/travels/hulunbeier458/3747821.html
曲奇在菲律宾 | 海的女儿跳岛记,爱妮岛,/travels/elnido1173/3747870.html
去厦门过周末，慵懒享受温馨亲子时光,厦门,/travels/xiamen21/3747049.html
【日本】打卡《头文字D》取景地“秋名山”，乘着千与千寻小木盆舟去寻找关东秋色,日本,/travels/japan100041/3745917.html
安徽赏秋——山水明如画之宏村、南屏与塔川,宏村,/travels/hongcun120496/3745871.html
隐秘而小众，一场放飞东营的文化不苦旅,东营,/travels/dongying612/3745959.html
葡萄夫妇自驾游泰国--在普吉岛重温马尔代夫的碧海蓝天，美食美景最全攻略贴,普吉岛,/travels/phuket364/3745897.html
山妖之国撒欢记（16日自由行非自驾含极光、罗弗顿群岛、徒步布道石等）,挪威,/travels/norway100098/3745150.html
爱沙尼亚深度7日游，北欧的小众玩法,爱沙尼亚,/travels/estonia20340/3741524.html
是湖光山色，是阿尔卑斯——瑞士5日的小众假期,瑞士阿尔卑斯,/travels/swissalps22620/3746241.html
